id,carnet,sexo,grupoAdmision,nivelEducPadres,matematicas,algoritmos,sociales
0,167909,femenino,grupo A,Algunos estudios de diversificado,53,71,64
1,211840,masculino,grupo E,Algunos estudios universitarios,72,61,58
2,106033,masculino,grupo D,Algunos estudios universitarios,70,79,77
3,150148,femenino,grupo D,Algunos estudios universitarios,76,84,89
4,110323,masculino,grupo D,Algunos estudios de diversificado,81,84,87
5,121995,femenino,grupo B,Maestría,72,83,77
6,183432,femenino,grupo A,Licenciatura,49,63,64
7,136753,masculino,grupo B,Licenciatura,79,81,76
8,66450,femenino,grupo D,Algunos estudios universitarios,59,66,72
9,100882,femenino,grupo A,Diversificado,57,65,61
10,209670,femenino,grupo C,Algunos estudios universitarios,90,94,100
11,94678,masculino,grupo B,Técnico,93,78,83
12,127752,femenino,grupo C,Técnico,60,75,71
13,70249,masculino,grupo C,Algunos estudios de diversificado,77,75,77
14,167288,femenino,grupo C,Diversificado,50,73,63
15,106374,femenino,grupo D,Algunos estudios de diversificado,62,74,68
16,126356,femenino,grupo D,Licenciatura,66,61,65
17,215503,masculino,grupo C,Diversificado,82,71,71
18,94377,femenino,grupo C,Algunos estudios de diversificado,65,80,81
19,156336,masculino,grupo B,Diversificado,68,65,52
20,174104,femenino,grupo C,Maestría,76,83,88
21,210494,femenino,grupo D,Diversificado,74,85,92
22,115780,masculino,grupo C,Licenciatura,61,60,61
23,137941,masculino,grupo C,Técnico,69,63,58
24,93282,femenino,grupo B,Algunos estudios de diversificado,72,87,90
25,77500,femenino,grupo E,Licenciatura,72,98,94
26,140695,masculino,grupo C,Algunos estudios universitarios,60,54,52
27,150879,masculino,grupo C,Algunos estudios de diversificado,67,72,69
28,196463,femenino,grupo C,Algunos estudios universitarios,72,79,75
29,186732,femenino,grupo D,Licenciatura,59,54,62
30,189640,femenino,grupo B,Técnico,72,76,82
31,219245,masculino,grupo E,Algunos estudios universitarios,70,56,57
32,80942,femenino,grupo E,Algunos estudios de diversificado,72,71,79
33,184872,femenino,grupo A,Técnico,85,88,86
34,191807,masculino,grupo D,Algunos estudios universitarios,67,67,64
35,212745,masculino,grupo E,Maestría,92,94,83
36,139412,masculino,grupo B,Algunos estudios de diversificado,89,79,74
37,111916,femenino,grupo B,Algunos estudios de diversificado,55,65,65
38,178974,masculino,grupo C,Algunos estudios universitarios,77,76,78
39,199611,femenino,grupo E,Licenciatura,94,91,93
40,161175,masculino,grupo B,Algunos estudios universitarios,58,71,64
41,94667,masculino,grupo B,Diversificado,63,66,61
42,186607,masculino,grupo D,Diversificado,60,63,63
43,126500,masculino,grupo D,Diversificado,63,54,54
44,156129,masculino,grupo A,Técnico,76,72,68
45,216201,femenino,grupo D,Técnico,77,73,78
46,165855,femenino,grupo B,Diversificado,54,62,62
47,174979,femenino,grupo C,Algunos estudios universitarios,70,73,83
48,204095,femenino,grupo C,Diversificado,75,85,77
49,120673,femenino,grupo C,Técnico,66,79,78
50,158377,femenino,grupo D,Técnico,73,88,90
51,102352,masculino,grupo C,Diversificado,64,65,55
52,132263,femenino,grupo C,Algunos estudios universitarios,55,74,69
53,96163,masculino,grupo E,Licenciatura,100,81,76
54,90761,femenino,grupo C,Licenciatura,79,82,90
55,95677,femenino,grupo C,Algunos estudios universitarios,63,78,81
56,165160,femenino,grupo D,Algunos estudios de diversificado,48,56,53
57,79345,femenino,grupo D,Algunos estudios de diversificado,62,70,65
58,85138,femenino,grupo E,Licenciatura,75,81,84
59,144536,masculino,grupo C,Técnico,88,72,71
60,192627,masculino,grupo C,Técnico,68,68,64
61,75405,masculino,grupo D,Diversificado,63,59,52
62,193869,femenino,grupo D,Técnico,52,58,63
63,151641,femenino,grupo B,Algunos estudios de diversificado,44,52,53
64,190639,masculino,grupo B,Técnico,74,66,67
65,192035,masculino,grupo C,Algunos estudios de diversificado,65,65,66
66,180288,femenino,grupo C,Diversificado,61,79,78
67,120503,masculino,grupo B,Algunos estudios universitarios,92,90,95
68,178775,masculino,grupo B,Algunos estudios de diversificado,78,71,68
69,186993,femenino,grupo A,Algunos estudios de diversificado,67,70,72
70,211358,femenino,grupo B,Licenciatura,59,69,75
71,174344,femenino,grupo C,Técnico,52,52,55
72,93956,femenino,grupo D,Algunos estudios de diversificado,62,65,67
73,202003,femenino,grupo D,Diversificado,58,62,67
74,197753,masculino,grupo C,Algunos estudios universitarios,41,33,31
75,139344,masculino,grupo B,Algunos estudios universitarios,86,83,75
76,79492,femenino,grupo E,Diversificado,46,40,41
77,181473,masculino,grupo C,Licenciatura,61,55,55
78,97229,masculino,grupo C,Licenciatura,71,72,71
79,194298,femenino,grupo C,Técnico,44,56,54
80,201111,femenino,grupo A,Técnico,53,70,68
81,79225,femenino,grupo D,Algunos estudios de diversificado,71,81,82
82,97504,masculino,grupo D,Diversificado,71,55,51
83,104641,masculino,grupo C,Algunos estudios universitarios,80,82,86
84,180762,femenino,grupo D,Algunos estudios de diversificado,57,74,74
85,80809,masculino,grupo D,Técnico,94,82,82
86,171334,femenino,grupo C,Licenciatura,69,88,81
87,131178,masculino,grupo C,Diversificado,53,59,53
88,138958,femenino,grupo B,Diversificado,22,40,39
89,189772,masculino,grupo C,Diversificado,74,67,62
90,85515,femenino,grupo E,Algunos estudios universitarios,63,71,68
91,175928,masculino,grupo A,Técnico,72,78,74
92,90104,femenino,grupo E,Maestría,55,54,63
93,120812,masculino,grupo C,Diversificado,65,58,52
94,107735,masculino,grupo C,Diversificado,35,35,30
95,91979,masculino,grupo D,Técnico,86,71,73
96,130567,masculino,grupo A,Diversificado,85,77,76
97,183452,masculino,grupo D,Algunos estudios universitarios,90,80,75
98,208975,masculino,grupo D,Diversificado,86,74,76
99,193899,femenino,grupo E,Técnico,62,65,76
100,202568,masculino,grupo D,Algunos estudios de diversificado,62,61,55
101,195105,femenino,grupo A,Algunos estudios universitarios,54,77,83
102,206195,femenino,grupo E,Diversificado,72,69,75
103,182398,femenino,grupo B,Algunos estudios universitarios,80,80,84
104,147176,masculino,grupo C,Diversificado,85,74,70
105,89692,femenino,grupo B,Licenciatura,67,85,93
106,161247,masculino,grupo A,Técnico,63,64,60
107,140318,masculino,grupo C,Diversificado,89,91,88
108,91857,masculino,grupo C,Algunos estudios universitarios,66,67,64
109,167574,masculino,grupo B,Algunos estudios universitarios,60,69,63
110,206144,masculino,grupo C,Diversificado,48,46,38
111,110702,femenino,grupo C,Algunos estudios universitarios,70,78,83
112,115462,masculino,grupo C,Algunos estudios universitarios,81,79,77
113,153459,femenino,grupo B,Algunos estudios universitarios,50,61,62
114,216090,masculino,grupo B,Algunos estudios universitarios,34,45,40
115,209125,masculino,grupo C,Algunos estudios universitarios,53,47,53
116,168393,femenino,grupo C,Algunos estudios de diversificado,38,57,51
117,176974,masculino,grupo B,Técnico,97,96,96
118,163407,masculino,grupo C,Algunos estudios de diversificado,39,29,26
119,214189,masculino,grupo E,Algunos estudios de diversificado,93,84,84
120,113253,femenino,grupo D,Técnico,67,75,74
121,169472,femenino,grupo D,Algunos estudios de diversificado,77,78,80
122,148004,masculino,grupo B,Diversificado,61,53,55
123,182343,masculino,grupo E,Diversificado,59,50,46
124,86602,masculino,grupo C,Licenciatura,70,69,67
125,184029,masculino,grupo C,Algunos estudios universitarios,85,86,78
126,101423,femenino,grupo B,Diversificado,52,58,51
127,163117,femenino,grupo B,Licenciatura,67,63,61
128,168423,masculino,grupo D,Técnico,81,85,87
129,141169,masculino,grupo B,Técnico,45,52,48
130,172593,masculino,grupo D,Técnico,82,82,87
131,219173,masculino,grupo C,Algunos estudios universitarios,74,73,73
132,152455,masculino,grupo E,Diversificado,81,78,68
133,184388,masculino,grupo C,Maestría,71,59,61
134,164121,masculino,grupo C,Algunos estudios de diversificado,42,46,32
135,69501,masculino,grupo D,Algunos estudios universitarios,56,65,63
136,93104,femenino,grupo D,Diversificado,80,83,84
137,213396,femenino,grupo C,Algunos estudios de diversificado,63,66,69
138,211058,femenino,grupo E,Técnico,71,69,69
139,115707,femenino,grupo C,Algunos estudios universitarios,65,68,73
140,92253,masculino,grupo B,Algunos estudios de diversificado,35,36,31
141,156983,femenino,grupo A,Técnico,82,92,90
142,184991,femenino,grupo E,Técnico,72,86,86
143,163470,femenino,grupo D,Algunos estudios de diversificado,55,68,71
144,120266,femenino,grupo A,Técnico,58,66,69
145,215134,femenino,grupo D,Maestría,56,64,64
146,150959,femenino,grupo E,Algunos estudios de diversificado,71,78,83
147,204762,masculino,grupo C,Técnico,67,54,52
148,130667,masculino,grupo E,Algunos estudios de diversificado,73,58,63
149,80753,femenino,grupo C,Técnico,53,57,63
150,173008,femenino,grupo C,Técnico,77,87,82
151,198511,femenino,grupo C,Diversificado,62,62,58
152,108026,masculino,grupo E,Diversificado,81,61,59
153,80109,femenino,grupo B,Licenciatura,56,70,68
154,97999,masculino,grupo E,Algunos estudios de diversificado,60,58,49
155,78601,masculino,grupo E,Licenciatura,100,100,100
156,136273,masculino,grupo C,Algunos estudios universitarios,51,48,50
157,147055,femenino,grupo D,Licenciatura,79,80,89
158,124299,femenino,grupo C,Diversificado,62,77,74
159,139530,femenino,grupo B,Diversificado,87,92,96
160,192705,masculino,grupo C,Maestría,69,56,62
161,173661,masculino,grupo B,Algunos estudios universitarios,44,45,42
162,126126,femenino,grupo C,Diversificado,57,73,70
163,179829,masculino,grupo C,Licenciatura,73,69,68
164,157621,masculino,grupo B,Diversificado,72,72,70
165,130427,masculino,grupo D,Algunos estudios universitarios,95,86,85
166,75911,masculino,grupo A,Técnico,47,52,45
167,180393,masculino,grupo D,Diversificado,59,72,65
168,193707,femenino,grupo D,Licenciatura,43,60,62
169,158139,femenino,grupo C,Técnico,70,66,66
170,175381,masculino,grupo D,Técnico,74,68,68
171,171792,masculino,grupo C,Maestría,85,75,83
172,160059,femenino,grupo D,Técnico,67,72,77
173,138083,masculino,grupo E,Maestría,59,49,48
174,109340,masculino,grupo A,Algunos estudios universitarios,66,67,67
175,122570,femenino,grupo E,Técnico,72,81,73
176,175133,femenino,grupo D,Algunos estudios de diversificado,83,96,87
177,157543,femenino,grupo E,Técnico,69,75,74
178,125552,femenino,grupo E,Algunos estudios universitarios,91,100,100
179,180618,femenino,grupo B,Algunos estudios universitarios,23,46,43
180,77678,masculino,grupo B,Diversificado,88,85,84
181,108147,masculino,grupo C,Algunos estudios universitarios,44,47,34
182,199938,femenino,grupo A,Algunos estudios de diversificado,69,72,70
183,200077,femenino,grupo C,Algunos estudios universitarios,63,79,74
184,193834,femenino,grupo A,Licenciatura,69,74,79
185,136403,femenino,grupo B,Algunos estudios de diversificado,73,89,84
186,69322,femenino,grupo D,Diversificado,33,39,39
187,106610,masculino,grupo C,Algunos estudios de diversificado,84,79,73
188,131104,femenino,grupo C,Algunos estudios de diversificado,87,80,84
189,207519,masculino,grupo D,Diversificado,67,68,62
190,73033,femenino,grupo D,Maestría,88,89,94
191,86581,masculino,grupo E,Licenciatura,80,69,64
192,83317,femenino,grupo C,Algunos estudios universitarios,86,84,84
193,136098,femenino,grupo B,Algunos estudios universitarios,47,50,53
194,157078,femenino,grupo D,Licenciatura,47,55,54
195,140376,femenino,grupo B,Algunos estudios universitarios,54,61,62
196,184882,masculino,grupo C,Algunos estudios universitarios,96,92,92
197,94146,femenino,grupo C,Licenciatura,80,80,80
198,73020,masculino,grupo B,Técnico,70,81,79
199,94329,femenino,grupo D,Técnico,81,91,98
200,143074,femenino,grupo B,Algunos estudios de diversificado,59,78,70
201,140412,femenino,grupo B,Algunos estudios universitarios,72,75,68
202,95946,femenino,grupo C,Diversificado,81,88,86
203,137376,femenino,grupo B,Maestría,52,56,61
204,208362,femenino,grupo D,Licenciatura,66,78,80
205,144926,masculino,grupo C,Algunos estudios de diversificado,41,35,37
206,176515,femenino,grupo E,Técnico,80,87,83
207,140172,femenino,grupo C,Algunos estudios de diversificado,64,83,71
208,182262,masculino,grupo E,Algunos estudios universitarios,100,80,82
209,153493,masculino,grupo C,Algunos estudios universitarios,84,67,68
210,69178,masculino,grupo D,Técnico,65,56,61
211,152832,femenino,grupo C,Maestría,91,95,98
212,94330,femenino,grupo D,Técnico,68,79,90
213,125215,masculino,grupo E,Algunos estudios universitarios,64,54,57
214,126637,femenino,grupo E,Diversificado,64,65,66
215,182794,masculino,grupo B,Diversificado,100,88,90
216,196487,femenino,grupo C,Técnico,71,82,79
217,218844,femenino,grupo D,Algunos estudios de diversificado,69,85,92
218,133605,masculino,grupo D,Licenciatura,65,63,61
219,69593,femenino,grupo C,Diversificado,57,79,70
220,119763,femenino,grupo D,Algunos estudios de diversificado,68,89,82
221,87103,masculino,grupo C,Algunos estudios de diversificado,84,86,80
222,209001,masculino,grupo B,Técnico,34,45,39
223,191861,femenino,grupo C,Técnico,38,39,38
224,193222,masculino,grupo C,Técnico,75,73,68
225,156742,femenino,grupo D,Diversificado,61,70,72
226,131042,masculino,grupo D,Maestría,90,82,85
227,103245,femenino,grupo C,Diversificado,44,52,50
228,219540,femenino,grupo C,Diversificado,77,76,70
229,205926,masculino,grupo B,Técnico,55,63,62
230,92238,femenino,grupo A,Técnico,70,69,73
231,108420,femenino,grupo D,Algunos estudios de diversificado,69,77,80
232,68381,femenino,grupo B,Algunos estudios de diversificado,71,73,68
233,115978,femenino,grupo E,Algunos estudios de diversificado,32,51,47
234,123357,femenino,grupo B,Algunos estudios universitarios,53,57,52
235,92243,masculino,grupo E,Algunos estudios universitarios,70,62,59
236,165951,femenino,grupo D,Algunos estudios de diversificado,74,79,81
237,180723,masculino,grupo C,Algunos estudios de diversificado,66,62,64
238,170598,masculino,grupo E,Algunos estudios universitarios,85,75,68
239,75905,femenino,grupo D,Algunos estudios de diversificado,44,61,65
240,108042,femenino,grupo B,Algunos estudios de diversificado,63,72,64
241,104062,femenino,grupo E,Algunos estudios universitarios,60,61,56
242,179775,femenino,grupo C,Diversificado,71,82,84
243,92186,femenino,grupo C,Técnico,70,81,74
244,128201,femenino,grupo C,Licenciatura,51,61,55
245,143153,masculino,grupo C,Diversificado,46,54,45
246,97897,masculino,grupo E,Diversificado,76,73,64
247,147422,masculino,grupo B,Algunos estudios universitarios,58,57,54
248,114460,masculino,grupo E,Técnico,76,70,74
249,204048,masculino,grupo C,Maestría,71,73,71
250,86292,femenino,grupo C,Algunos estudios de diversificado,22,30,35
251,200644,masculino,grupo E,Algunos estudios universitarios,87,84,85
252,106641,femenino,grupo B,Algunos estudios universitarios,58,58,61
253,114398,masculino,grupo B,Algunos estudios de diversificado,63,69,63
254,207598,femenino,grupo B,Diversificado,55,63,68
255,98657,femenino,grupo C,Diversificado,53,67,73
256,158638,masculino,grupo D,Diversificado,83,72,73
257,195815,masculino,grupo D,Algunos estudios de diversificado,64,66,62
258,92587,femenino,grupo D,Diversificado,48,56,50
259,129314,femenino,grupo C,Algunos estudios universitarios,62,70,75
260,202593,masculino,grupo C,Técnico,64,63,69
261,68929,femenino,grupo C,Técnico,92,100,100
262,180157,femenino,grupo C,Diversificado,74,78,83
263,78902,femenino,grupo D,Algunos estudios universitarios,54,54,57
264,137768,femenino,grupo A,Licenciatura,66,68,70
265,197817,femenino,grupo E,Algunos estudios universitarios,83,91,94
266,98970,femenino,grupo D,Algunos estudios universitarios,45,57,58
267,127822,masculino,grupo C,Técnico,63,65,60
268,175015,masculino,grupo C,Algunos estudios universitarios,68,60,59
269,99702,femenino,grupo B,Algunos estudios universitarios,54,58,61
270,183625,femenino,grupo A,Diversificado,55,73,70
271,91478,masculino,grupo C,Algunos estudios universitarios,69,57,58
272,88146,masculino,grupo B,Diversificado,57,50,46
273,147220,masculino,grupo E,Licenciatura,89,84,81
274,195995,femenino,grupo D,Técnico,82,97,91
275,189559,masculino,grupo B,Licenciatura,79,79,83
276,125882,femenino,grupo A,Licenciatura,66,86,79
277,98755,femenino,grupo E,Algunos estudios universitarios,75,91,89
278,179017,femenino,grupo C,Algunos estudios universitarios,48,67,60
279,110843,femenino,grupo C,Diversificado,54,78,69
280,115293,femenino,grupo D,Licenciatura,61,75,78
281,132380,femenino,grupo C,Técnico,63,72,68
282,129134,masculino,grupo D,Licenciatura,67,57,58
283,158754,masculino,grupo A,Diversificado,75,75,70
284,116351,femenino,grupo D,Técnico,49,63,73
285,181799,femenino,grupo C,Algunos estudios de diversificado,81,95,88
286,131357,femenino,grupo E,Licenciatura,49,50,51
287,137093,masculino,grupo E,Técnico,100,92,93
288,193181,masculino,grupo E,Algunos estudios de diversificado,53,52,41
289,161065,masculino,grupo C,Algunos estudios de diversificado,68,71,69
290,92930,femenino,grupo C,Algunos estudios universitarios,83,84,90
291,86746,femenino,grupo D,Algunos estudios universitarios,66,74,76
292,156882,femenino,grupo B,Algunos estudios de diversificado,40,38,40
293,209535,masculino,grupo E,Algunos estudios universitarios,87,78,80
294,72980,femenino,grupo B,Algunos estudios de diversificado,40,40,43
295,106745,masculino,grupo C,Diversificado,71,80,70
296,126477,masculino,grupo C,Técnico,69,69,63
297,87195,masculino,grupo A,Algunos estudios de diversificado,48,56,53
298,133712,masculino,grupo C,Algunos estudios de diversificado,67,64,57
299,69975,femenino,grupo C,Diversificado,54,73,73
300,124539,masculino,grupo C,Diversificado,35,33,27
301,91275,femenino,grupo E,Algunos estudios de diversificado,72,70,72
302,209956,femenino,grupo E,Algunos estudios universitarios,85,88,81
303,126661,masculino,grupo B,Algunos estudios universitarios,85,60,61
304,166810,femenino,grupo A,Algunos estudios universitarios,61,82,81
305,173284,masculino,grupo B,Algunos estudios universitarios,71,68,64
306,213836,femenino,grupo E,Licenciatura,71,75,72
307,136891,femenino,grupo D,Técnico,91,100,99
308,98403,femenino,grupo B,Algunos estudios universitarios,55,70,65
309,96851,masculino,grupo C,Algunos estudios de diversificado,49,50,41
310,69907,masculino,grupo A,Técnico,95,86,88
311,121263,femenino,grupo C,Diversificado,93,94,94
312,137549,femenino,grupo C,Algunos estudios de diversificado,79,86,84
313,134609,femenino,grupo C,Algunos estudios universitarios,54,60,56
314,88627,masculino,grupo E,Licenciatura,74,84,75
315,174076,masculino,grupo B,Algunos estudios de diversificado,36,32,31
316,190756,masculino,grupo D,Licenciatura,91,90,92
317,73686,masculino,grupo C,Licenciatura,58,62,53
318,159168,masculino,grupo B,Algunos estudios universitarios,48,48,45
319,159822,masculino,grupo B,Licenciatura,70,68,70
320,205952,masculino,grupo A,Algunos estudios universitarios,67,68,68
321,153429,masculino,grupo C,Maestría,64,69,66
322,201587,femenino,grupo D,Técnico,57,74,69
323,99799,femenino,grupo C,Técnico,46,69,64
324,78269,femenino,grupo E,Algunos estudios de diversificado,72,74,69
325,74922,femenino,grupo D,Maestría,75,81,84
326,190892,femenino,grupo B,Diversificado,59,68,62
327,72193,masculino,grupo A,Licenciatura,83,76,75
328,136661,masculino,grupo D,Diversificado,61,63,60
329,170326,femenino,grupo D,Técnico,72,80,79
330,105518,femenino,grupo B,Algunos estudios universitarios,69,88,94
331,208997,masculino,grupo A,Algunos estudios universitarios,50,45,42
332,202786,masculino,grupo D,Algunos estudios de diversificado,70,65,56
333,144035,masculino,grupo C,Licenciatura,68,55,59
334,191943,femenino,grupo C,Licenciatura,51,61,62
335,134448,masculino,grupo D,Algunos estudios de diversificado,61,59,63
336,85780,femenino,grupo E,Algunos estudios de diversificado,75,80,80
337,114036,femenino,grupo B,Diversificado,60,72,66
338,190954,masculino,grupo C,Técnico,45,41,43
339,79876,masculino,grupo D,Algunos estudios universitarios,72,72,73
340,210467,masculino,grupo A,Licenciatura,98,94,84
341,184093,femenino,grupo A,Maestría,60,72,73
342,78887,masculino,grupo C,Técnico,74,64,66
343,111488,masculino,grupo A,Diversificado,48,49,47
344,142168,masculino,grupo C,Diversificado,85,67,66
345,123208,femenino,grupo D,Técnico,50,50,54
346,68190,femenino,grupo C,Algunos estudios de diversificado,42,58,52
347,195546,femenino,grupo E,Algunos estudios universitarios,75,85,82
348,216010,femenino,grupo D,Algunos estudios universitarios,68,78,78
349,118378,femenino,grupo A,Algunos estudios de diversificado,43,50,44
350,94745,femenino,grupo B,Diversificado,78,83,78
351,189194,masculino,grupo D,Diversificado,79,84,84
352,218640,masculino,grupo C,Algunos estudios de diversificado,74,78,72
353,145196,masculino,grupo C,Algunos estudios universitarios,76,73,73
354,172164,masculino,grupo C,Licenciatura,56,56,51
355,85167,masculino,grupo D,Algunos estudios de diversificado,83,75,76
356,131715,femenino,grupo A,Algunos estudios universitarios,57,60,67
357,78794,femenino,grupo C,Licenciatura,60,69,72
358,71367,masculino,grupo A,Algunos estudios de diversificado,71,75,64
359,133546,masculino,grupo C,Algunos estudios de diversificado,55,55,48
360,122978,femenino,grupo C,Licenciatura,59,71,67
361,91701,masculino,grupo C,Técnico,64,72,68
362,204684,masculino,grupo A,Licenciatura,77,85,80
363,206217,masculino,grupo C,Algunos estudios de diversificado,49,49,41
364,130351,femenino,grupo D,Licenciatura,50,64,63
365,103649,femenino,grupo D,Diversificado,57,67,72
366,94053,masculino,grupo C,Algunos estudios universitarios,58,60,51
367,126826,femenino,grupo C,Algunos estudios universitarios,56,69,61
368,193916,masculino,grupo C,Técnico,84,78,74
369,92184,femenino,grupo D,Técnico,61,72,65
370,126525,masculino,grupo C,Licenciatura,61,58,64
371,106573,masculino,grupo D,Maestría,93,87,82
372,174758,masculino,grupo E,Técnico,69,75,73
373,71621,masculino,grupo E,Técnico,92,96,94
374,100131,femenino,grupo C,Diversificado,59,76,73
375,67131,masculino,grupo B,Algunos estudios universitarios,68,68,65
376,189409,femenino,grupo B,Técnico,57,70,66
377,121246,masculino,grupo C,Técnico,92,92,89
378,216106,femenino,grupo C,Diversificado,66,74,75
379,139540,masculino,grupo C,Algunos estudios de diversificado,57,61,59
380,183246,femenino,grupo B,Técnico,63,78,80
381,87773,masculino,grupo B,Diversificado,40,33,32
382,140305,masculino,grupo D,Técnico,60,56,52
383,156672,masculino,grupo B,Maestría,72,67,64
384,67333,femenino,grupo B,Algunos estudios de diversificado,77,78,86
385,80966,femenino,grupo A,Algunos estudios universitarios,51,62,63
386,188789,masculino,grupo B,Diversificado,77,72,73
387,122454,femenino,grupo A,Algunos estudios de diversificado,47,64,59
388,133287,masculino,grupo D,Licenciatura,71,67,66
389,177166,femenino,grupo B,Técnico,65,80,78
390,103821,masculino,grupo D,Algunos estudios universitarios,66,67,67
391,153616,masculino,grupo B,Algunos estudios de diversificado,59,60,61
392,127807,femenino,grupo A,Algunos estudios de diversificado,47,54,54
393,135788,masculino,grupo B,Licenciatura,89,98,90
394,190343,masculino,grupo E,Diversificado,68,64,59
395,187502,masculino,grupo E,Algunos estudios de diversificado,99,83,83
396,165754,masculino,grupo B,Algunos estudios universitarios,60,59,56
397,109646,masculino,grupo C,Algunos estudios de diversificado,49,45,39
398,66528,masculino,grupo D,Algunos estudios universitarios,71,70,67
399,147725,masculino,grupo C,Algunos estudios de diversificado,87,87,76
400,208734,femenino,grupo D,Maestría,92,87,97
401,219031,femenino,grupo B,Diversificado,65,63,60
402,146232,femenino,grupo D,Diversificado,59,59,63
403,95221,femenino,grupo E,Algunos estudios de diversificado,61,64,67
404,154221,femenino,grupo C,Algunos estudios universitarios,49,50,58
405,131520,femenino,grupo C,Técnico,50,57,57
406,180772,masculino,grupo A,Algunos estudios de diversificado,63,62,58
407,219373,masculino,grupo D,Algunos estudios de diversificado,67,65,60
408,105814,masculino,grupo E,Diversificado,83,76,69
409,135079,masculino,grupo A,Diversificado,63,60,56
410,184689,femenino,grupo B,Diversificado,86,94,88
411,66535,femenino,grupo B,Algunos estudios universitarios,53,60,60
412,77191,masculino,grupo E,Maestría,92,89,80
413,133092,masculino,grupo E,Maestría,73,71,68
414,213385,masculino,grupo C,Diversificado,84,77,81
415,113509,masculino,grupo D,Algunos estudios de diversificado,44,48,51
416,112736,femenino,grupo A,Técnico,69,72,65
417,133080,masculino,grupo D,Algunos estudios de diversificado,50,49,55
418,213175,femenino,grupo C,Licenciatura,62,72,73
419,106042,masculino,grupo D,Licenciatura,72,74,71
420,150089,masculino,grupo D,Maestría,84,74,79
421,78714,femenino,grupo A,Algunos estudios de diversificado,64,88,85
422,159426,masculino,grupo B,Diversificado,56,63,61
423,115234,femenino,grupo A,Algunos estudios de diversificado,45,54,53
424,203068,femenino,grupo E,Maestría,84,86,96
425,151849,femenino,grupo A,Algunos estudios de diversificado,59,69,69
426,161342,femenino,grupo E,Algunos estudios universitarios,45,49,54
427,67537,femenino,grupo A,Licenciatura,76,83,89
428,108424,femenino,grupo C,Diversificado,53,78,69
429,138336,masculino,grupo C,Algunos estudios universitarios,71,66,69
430,193298,masculino,grupo D,Técnico,66,66,69
431,153729,femenino,grupo A,Licenciatura,79,81,90
432,159517,femenino,grupo C,Algunos estudios de diversificado,42,50,45
433,209712,masculino,grupo D,Licenciatura,72,75,69
434,117429,femenino,grupo C,Técnico,98,100,100
435,123599,femenino,grupo C,Algunos estudios universitarios,25,43,37
436,68622,femenino,grupo E,Licenciatura,83,97,100
437,173835,femenino,grupo D,Técnico,78,79,85
438,143280,masculino,grupo E,Técnico,100,99,97
439,127290,masculino,grupo B,Técnico,57,44,47
440,126077,femenino,grupo D,Licenciatura,70,75,73
441,138634,femenino,grupo C,Algunos estudios de diversificado,60,65,70
442,157235,femenino,grupo E,Técnico,91,90,82
443,85117,femenino,grupo D,Técnico,57,63,67
444,82016,femenino,grupo E,Licenciatura,65,78,75
445,122043,masculino,grupo C,Técnico,78,70,68
446,177568,femenino,grupo D,Técnico,75,89,93
447,147408,masculino,grupo D,Maestría,100,100,100
448,166748,femenino,grupo E,Diversificado,65,76,73
449,211817,masculino,grupo A,Licenciatura,84,86,86
450,146741,masculino,grupo D,Algunos estudios universitarios,65,64,60
451,183706,masculino,grupo B,Diversificado,77,72,61
452,154288,masculino,grupo C,Algunos estudios de diversificado,68,59,58
453,117215,masculino,grupo C,Técnico,75,71,66
454,126900,masculino,grupo B,Maestría,58,62,60
455,202969,masculino,grupo C,Algunos estudios de diversificado,77,80,76
456,157657,femenino,grupo E,Técnico,84,97,91
457,186080,femenino,grupo D,Diversificado,47,53,56
458,139429,femenino,grupo B,Algunos estudios universitarios,74,78,73
459,145481,masculino,grupo E,Algunos estudios de diversificado,48,48,45
460,189757,masculino,grupo B,Licenciatura,75,81,77
461,204111,masculino,grupo D,Técnico,71,70,68
462,101656,masculino,grupo B,Algunos estudios universitarios,70,63,63
463,217096,femenino,grupo C,Diversificado,61,69,68
464,92609,masculino,grupo B,Algunos estudios universitarios,68,60,60
465,174086,masculino,grupo C,Algunos estudios de diversificado,75,74,70
466,142051,femenino,grupo B,Algunos estudios de diversificado,67,72,78
467,218740,masculino,grupo B,Algunos estudios universitarios,92,91,95
468,93079,masculino,grupo E,Algunos estudios de diversificado,60,59,48
469,125765,masculino,grupo B,Maestría,78,78,78
470,210301,femenino,grupo E,Algunos estudios de diversificado,80,82,77
471,122335,femenino,grupo E,Técnico,77,69,75
472,101657,femenino,grupo B,Algunos estudios de diversificado,57,66,67
473,173054,femenino,grupo B,Diversificado,22,51,39
474,192559,femenino,grupo D,Técnico,35,42,41
475,163578,femenino,grupo C,Diversificado,56,70,69
476,138723,femenino,grupo A,Diversificado,82,97,87
477,172207,femenino,grupo C,Técnico,41,43,45
478,128108,femenino,grupo C,Algunos estudios universitarios,72,85,87
479,96584,femenino,grupo B,Diversificado,39,50,42
480,115664,masculino,grupo C,Técnico,66,69,62
481,188713,masculino,grupo A,Técnico,56,58,47
482,97827,masculino,grupo B,Algunos estudios universitarios,41,53,47
483,101345,masculino,grupo D,Algunos estudios universitarios,84,74,74
484,105004,masculino,grupo B,Algunos estudios universitarios,80,74,80
485,180943,femenino,grupo D,Técnico,88,100,100
486,121834,masculino,grupo C,Diversificado,65,62,62
487,115330,femenino,grupo D,Técnico,83,93,99
488,203263,masculino,grupo B,Técnico,51,52,47
489,195720,masculino,grupo D,Técnico,89,85,90
490,205141,femenino,grupo B,Diversificado,52,54,52
491,90348,masculino,grupo E,Algunos estudios universitarios,97,88,85
492,197853,masculino,grupo E,Técnico,65,61,58
493,104939,masculino,grupo C,Algunos estudios de diversificado,74,68,68
494,167962,masculino,grupo C,Algunos estudios universitarios,44,52,47
495,123419,masculino,grupo C,Algunos estudios de diversificado,47,47,46
496,102423,masculino,grupo E,Algunos estudios universitarios,95,79,86
497,143441,masculino,grupo E,Técnico,62,66,57
498,78752,masculino,grupo E,Diversificado,68,60,51
499,211399,masculino,grupo D,Algunos estudios universitarios,43,36,39
500,80418,masculino,grupo B,Algunos estudios universitarios,45,45,33
501,180813,masculino,grupo B,Técnico,94,83,80
502,150679,masculino,grupo C,Técnico,78,70,73
503,106264,masculino,grupo B,Algunos estudios universitarios,54,61,49
504,181714,femenino,grupo B,Licenciatura,30,48,42
505,86290,masculino,grupo E,Algunos estudios universitarios,69,66,59
506,77358,masculino,grupo C,Diversificado,74,66,66
507,217920,masculino,grupo B,Algunos estudios de diversificado,73,69,69
508,179016,femenino,grupo C,Algunos estudios universitarios,85,94,92
509,174547,femenino,grupo D,Algunos estudios universitarios,60,70,72
510,159277,femenino,grupo B,Diversificado,58,66,67
511,122405,masculino,grupo B,Técnico,59,57,60
512,77385,masculino,grupo C,Técnico,58,49,46
513,202906,femenino,grupo B,Técnico,75,87,80
514,193204,masculino,grupo C,Técnico,53,41,43
515,112581,masculino,grupo C,Algunos estudios de diversificado,39,33,31
516,180437,masculino,grupo C,Diversificado,48,44,38
517,156179,femenino,grupo E,Maestría,70,69,70
518,157713,femenino,grupo D,Diversificado,44,56,64
519,86567,femenino,grupo C,Diversificado,54,71,67
520,69121,femenino,grupo C,Técnico,69,75,73
521,108124,masculino,grupo D,Algunos estudios universitarios,76,63,65
522,196198,masculino,grupo C,Algunos estudios de diversificado,72,63,59
523,82191,femenino,grupo C,Algunos estudios universitarios,71,82,79
524,118629,masculino,grupo C,Diversificado,46,35,28
525,197824,femenino,grupo D,Algunos estudios universitarios,72,77,74
526,85675,femenino,grupo C,Licenciatura,69,80,85
527,153731,masculino,grupo C,Algunos estudios de diversificado,54,50,41
528,177705,femenino,grupo B,Algunos estudios universitarios,51,55,64
529,77300,masculino,grupo D,Algunos estudios universitarios,75,72,73
530,142042,masculino,grupo A,Algunos estudios universitarios,71,68,72
531,77102,masculino,grupo E,Diversificado,88,78,70
532,214461,masculino,grupo E,Diversificado,98,89,85
533,187900,masculino,grupo D,Diversificado,58,54,52
534,96568,masculino,grupo D,Licenciatura,69,73,64
535,93449,femenino,grupo D,Diversificado,69,73,78
536,98567,masculino,grupo B,Diversificado,87,82,82
537,75834,masculino,grupo C,Diversificado,80,71,67
538,158700,masculino,grupo D,Técnico,86,87,76
539,88903,femenino,grupo D,Algunos estudios universitarios,67,69,70
540,126777,femenino,grupo D,Licenciatura,63,76,79
541,154604,masculino,grupo D,Algunos estudios de diversificado,79,72,75
542,136577,femenino,grupo E,Técnico,81,80,78
543,189552,masculino,grupo B,Algunos estudios de diversificado,70,63,64
544,213013,femenino,grupo C,Algunos estudios de diversificado,67,68,67
545,152021,masculino,grupo D,Licenciatura,76,69,77
546,66591,masculino,grupo C,Algunos estudios universitarios,62,66,59
547,73468,masculino,grupo B,Técnico,73,72,76
548,87892,masculino,grupo D,Técnico,91,84,82
549,210764,femenino,grupo D,Algunos estudios universitarios,60,72,69
550,92677,masculino,grupo C,Algunos estudios de diversificado,59,66,59
551,75772,femenino,grupo D,Algunos estudios de diversificado,61,72,69
552,159479,femenino,grupo C,Algunos estudios universitarios,78,82,78
553,104409,femenino,grupo B,Algunos estudios de diversificado,72,78,73
554,121110,femenino,grupo E,Algunos estudios de diversificado,62,66,68
555,156507,masculino,grupo B,Licenciatura,63,71,73
556,71122,femenino,grupo E,Diversificado,69,79,71
557,79176,masculino,grupo D,Diversificado,53,42,42
558,213462,femenino,grupo C,Maestría,86,94,94
559,172321,femenino,grupo C,Diversificado,66,82,76
560,218569,femenino,grupo D,Licenciatura,59,59,61
561,177060,femenino,grupo C,Técnico,64,77,78
562,214044,femenino,grupo B,Algunos estudios universitarios,44,52,54
563,103007,femenino,grupo C,Diversificado,60,79,81
564,105954,masculino,grupo D,Técnico,59,63,62
565,196438,femenino,grupo D,Técnico,69,83,89
566,173386,masculino,grupo B,Algunos estudios de diversificado,70,69,65
567,184085,masculino,grupo D,Maestría,99,100,99
568,158742,femenino,grupo B,Licenciatura,33,40,44
569,148521,masculino,grupo E,Algunos estudios universitarios,95,89,89
570,165545,masculino,grupo D,Maestría,100,100,100
571,179982,femenino,grupo D,Técnico,74,87,87
572,163960,femenino,grupo D,Algunos estudios de diversificado,68,74,72
573,117837,masculino,grupo D,Algunos estudios universitarios,81,77,79
574,68450,femenino,grupo B,Algunos estudios de diversificado,68,77,79
575,192481,femenino,grupo B,Licenciatura,48,54,56
576,77818,femenino,grupo D,Algunos estudios universitarios,26,42,40
577,122157,femenino,grupo E,Maestría,72,71,77
578,126075,masculino,grupo C,Algunos estudios universitarios,80,65,62
579,180271,masculino,grupo D,Maestría,72,72,71
580,204325,femenino,grupo B,Algunos estudios universitarios,56,59,62
581,198291,femenino,grupo C,Licenciatura,68,81,81
582,206396,femenino,grupo D,Algunos estudios universitarios,52,71,66
583,158850,femenino,grupo C,Algunos estudios de diversificado,74,90,85
584,74718,femenino,grupo D,Algunos estudios universitarios,69,80,83
585,120013,femenino,grupo E,Licenciatura,82,92,87
586,214688,masculino,grupo C,Maestría,67,71,63
587,117829,masculino,grupo A,Algunos estudios universitarios,39,40,35
588,114717,masculino,grupo A,Técnico,62,62,67
589,138944,femenino,grupo C,Algunos estudios universitarios,56,73,68
590,155149,masculino,grupo D,Diversificado,51,52,47
591,173407,femenino,grupo E,Algunos estudios universitarios,56,60,60
592,153871,femenino,grupo E,Diversificado,49,61,49
593,99442,masculino,grupo C,Diversificado,85,93,89
594,125809,masculino,grupo C,Algunos estudios de diversificado,56,58,49
595,189776,masculino,grupo E,Técnico,73,60,68
596,173292,masculino,grupo E,Algunos estudios de diversificado,60,48,48
597,215705,femenino,grupo D,Algunos estudios universitarios,79,84,87
598,83110,femenino,grupo B,Diversificado,44,50,53
599,109156,masculino,grupo D,Técnico,96,93,100
600,84601,femenino,grupo C,Diversificado,72,82,80
601,188720,femenino,grupo B,Maestría,65,83,87
602,141717,femenino,grupo C,Licenciatura,52,63,64
603,184730,femenino,grupo C,Técnico,70,85,80
604,196985,femenino,grupo C,Algunos estudios universitarios,79,78,74
605,66001,masculino,grupo D,Algunos estudios universitarios,69,69,68
606,206112,masculino,grupo D,Algunos estudios de diversificado,65,66,63
607,214200,masculino,grupo B,Técnico,60,55,56
608,195699,masculino,grupo C,Algunos estudios universitarios,59,53,48
609,121991,masculino,grupo C,Diversificado,56,52,53
610,172852,femenino,grupo C,Algunos estudios universitarios,56,65,66
611,141880,masculino,grupo B,Diversificado,61,57,50
612,194775,femenino,grupo E,Algunos estudios universitarios,87,93,97
613,176601,femenino,grupo B,Diversificado,49,66,63
614,155472,femenino,grupo B,Técnico,81,95,96
615,153917,femenino,grupo C,Algunos estudios universitarios,74,77,76
616,147206,femenino,grupo B,Algunos estudios universitarios,50,62,66
617,153601,femenino,grupo C,Diversificado,64,71,77
618,153473,femenino,grupo C,Diversificado,67,71,67
619,149082,masculino,grupo D,Técnico,64,63,61
620,206656,femenino,grupo D,Técnico,64,77,78
621,72358,masculino,grupo D,Algunos estudios universitarios,37,34,35
622,150992,femenino,grupo B,Algunos estudios universitarios,43,55,61
623,123405,femenino,grupo C,Algunos estudios universitarios,50,67,55
624,168918,masculino,grupo D,Algunos estudios de diversificado,54,57,51
625,218101,femenino,grupo A,Maestría,50,62,68
626,116693,femenino,grupo B,Algunos estudios universitarios,29,48,48
627,118357,femenino,grupo C,Algunos estudios universitarios,57,71,68
628,214664,masculino,grupo A,Algunos estudios universitarios,71,75,74
629,112932,femenino,grupo D,Licenciatura,52,66,60
630,156122,masculino,grupo C,Algunos estudios de diversificado,37,37,29
631,164470,masculino,grupo B,Algunos estudios de diversificado,65,61,57
632,89633,masculino,grupo B,Algunos estudios de diversificado,64,67,68
633,218660,femenino,grupo C,Algunos estudios universitarios,47,49,54
634,168791,masculino,grupo C,Técnico,64,70,69
635,158909,femenino,grupo D,Maestría,71,87,84
636,88670,masculino,grupo D,Licenciatura,69,67,65
637,176811,femenino,grupo D,Técnico,80,72,77
638,117926,femenino,grupo C,Algunos estudios de diversificado,46,57,63
639,199875,masculino,grupo C,Licenciatura,76,67,60
640,170265,femenino,grupo A,Algunos estudios de diversificado,20,40,33
641,169832,masculino,grupo D,Algunos estudios de diversificado,68,61,66
642,185154,masculino,grupo E,Algunos estudios universitarios,88,80,75
643,214409,femenino,grupo D,Diversificado,93,96,99
644,117710,femenino,grupo A,Algunos estudios universitarios,57,74,72
645,178288,femenino,grupo D,Diversificado,84,85,83
646,195454,femenino,grupo C,Algunos estudios de diversificado,73,89,84
647,141261,femenino,grupo D,Diversificado,69,72,72
648,118973,femenino,grupo C,Algunos estudios de diversificado,49,65,68
649,206791,femenino,grupo E,Licenciatura,77,87,81
650,165010,femenino,grupo C,Diversificado,82,92,90
651,143399,femenino,grupo E,Algunos estudios de diversificado,80,88,81
652,205737,masculino,grupo C,Licenciatura,80,78,84
653,90335,femenino,grupo A,Diversificado,63,69,70
654,139813,femenino,grupo C,Algunos estudios universitarios,70,79,71
655,203197,masculino,grupo C,Algunos estudios universitarios,62,57,53
656,182911,masculino,grupo D,Algunos estudios universitarios,86,78,74
657,118572,femenino,grupo A,Algunos estudios de diversificado,69,76,72
658,66703,femenino,grupo E,Técnico,63,66,68
659,77254,masculino,grupo E,Licenciatura,80,76,69
660,134702,femenino,grupo D,Algunos estudios universitarios,46,52,58
661,122037,femenino,grupo B,Técnico,60,71,70
662,95801,masculino,grupo D,Maestría,72,63,57
663,165049,femenino,grupo D,Técnico,73,85,87
664,196577,masculino,grupo A,Algunos estudios universitarios,58,50,51
665,72416,masculino,grupo E,Algunos estudios universitarios,81,75,73
666,76077,femenino,grupo D,Diversificado,67,73,85
667,117725,masculino,grupo B,Técnico,67,69,61
668,106910,femenino,grupo B,Diversificado,82,93,87
669,209188,masculino,grupo C,Algunos estudios universitarios,50,56,57
670,124555,masculino,grupo B,Diversificado,78,70,67
671,100607,masculino,grupo D,Diversificado,84,86,86
672,80086,femenino,grupo D,Diversificado,75,92,89
673,114334,femenino,grupo B,Algunos estudios universitarios,64,73,71
674,75417,masculino,grupo D,Técnico,59,71,70
675,119815,masculino,grupo D,Algunos estudios universitarios,83,60,66
676,79310,masculino,grupo C,Algunos estudios universitarios,60,53,57
677,203286,femenino,grupo C,Técnico,56,72,67
678,158021,masculino,grupo A,Algunos estudios de diversificado,48,52,48
679,175043,masculino,grupo E,Algunos estudios universitarios,79,81,83
680,138604,femenino,grupo E,Técnico,81,82,77
681,126269,masculino,grupo B,Diversificado,90,77,88
682,151092,femenino,grupo C,Algunos estudios de diversificado,61,70,72
683,188678,masculino,grupo A,Algunos estudios universitarios,70,68,57
684,177614,masculino,grupo C,Diversificado,83,76,72
685,104516,masculino,grupo A,Algunos estudios de diversificado,63,64,65
686,106239,femenino,grupo C,Algunos estudios universitarios,60,67,59
687,145540,masculino,grupo B,Diversificado,66,58,61
688,164283,masculino,grupo D,Algunos estudios universitarios,52,50,55
689,83690,femenino,grupo C,Algunos estudios universitarios,72,79,80
690,186469,masculino,grupo C,Algunos estudios de diversificado,86,79,74
691,143969,masculino,grupo C,Técnico,99,93,95
692,218747,masculino,grupo C,Diversificado,71,68,63
693,185907,masculino,grupo D,Técnico,88,85,88
694,195668,masculino,grupo A,Técnico,50,44,40
695,172270,femenino,grupo B,Licenciatura,60,73,73
696,205301,femenino,grupo C,Maestría,72,78,82
697,72630,masculino,grupo D,Licenciatura,74,70,75
698,127927,femenino,grupo C,Técnico,68,75,78
699,158380,masculino,grupo B,Técnico,67,65,62
700,95360,masculino,grupo D,Algunos estudios de diversificado,72,60,60
701,158162,masculino,grupo D,Diversificado,56,53,53
702,190930,masculino,grupo B,Algunos estudios de diversificado,70,67,58
703,77096,masculino,grupo A,Diversificado,51,51,56
704,66959,masculino,grupo C,Técnico,66,75,70
705,212878,femenino,grupo B,Técnico,55,64,63
706,199896,masculino,grupo A,Algunos estudios universitarios,48,49,51
707,107162,masculino,grupo E,Diversificado,78,72,68
708,189691,masculino,grupo B,Diversificado,81,73,73
709,178329,femenino,grupo D,Técnico,41,62,61
710,99933,masculino,grupo C,Maestría,100,96,97
711,89369,femenino,grupo C,Algunos estudios universitarios,71,89,82
712,188745,femenino,grupo C,Técnico,68,72,69
713,68738,femenino,grupo E,Diversificado,77,78,75
714,107425,masculino,grupo D,Algunos estudios de diversificado,61,58,55
715,119566,masculino,grupo C,Algunos estudios universitarios,39,30,30
716,208904,femenino,grupo A,Maestría,50,71,66
717,131311,masculino,grupo E,Diversificado,80,68,68
718,89542,femenino,grupo E,Algunos estudios de diversificado,67,70,66
719,175469,masculino,grupo D,Algunos estudios de diversificado,91,92,94
720,130990,femenino,grupo C,Diversificado,44,58,47
721,219014,masculino,grupo E,Algunos estudios universitarios,72,78,72
722,180681,femenino,grupo D,Algunos estudios de diversificado,57,59,60
723,94051,femenino,grupo C,Algunos estudios universitarios,79,93,93
724,212908,femenino,grupo B,Algunos estudios de diversificado,48,51,58
725,188045,masculino,grupo B,Licenciatura,67,57,55
726,205233,masculino,grupo A,Técnico,86,86,84
727,124949,femenino,grupo D,Técnico,72,73,70
728,79037,femenino,grupo B,Algunos estudios de diversificado,65,85,75
729,207984,masculino,grupo D,Algunos estudios de diversificado,79,75,73
730,171487,masculino,grupo C,Algunos estudios universitarios,73,78,73
731,152209,femenino,grupo B,Algunos estudios de diversificado,60,74,70
732,209796,masculino,grupo B,Diversificado,37,35,28
733,165870,femenino,grupo C,Técnico,56,72,61
734,76274,femenino,grupo E,Diversificado,87,93,94
735,199793,masculino,grupo B,Algunos estudios universitarios,52,46,46
736,171468,masculino,grupo D,Algunos estudios de diversificado,73,64,58
737,172587,masculino,grupo D,Licenciatura,100,95,97
738,197038,femenino,grupo C,Técnico,69,81,84
739,127536,masculino,grupo E,Algunos estudios universitarios,97,91,92
740,130472,femenino,grupo D,Técnico,76,74,86
741,149846,masculino,grupo C,Algunos estudios universitarios,57,54,54
742,73164,femenino,grupo E,Algunos estudios de diversificado,53,71,66
743,93213,masculino,grupo C,Diversificado,46,42,41
744,113733,masculino,grupo D,Algunos estudios de diversificado,72,64,62
745,191396,femenino,grupo A,Técnico,62,76,68
746,116770,masculino,grupo E,Algunos estudios universitarios,56,53,56
747,198051,masculino,grupo D,Algunos estudios universitarios,77,71,73
748,87824,masculino,grupo C,Diversificado,80,70,70
749,147823,femenino,grupo E,Algunos estudios de diversificado,64,74,79
750,206196,femenino,grupo E,Algunos estudios universitarios,46,59,59
751,79897,masculino,grupo A,Algunos estudios de diversificado,68,62,59
752,198022,femenino,grupo D,Licenciatura,82,86,89
753,67978,femenino,grupo E,Técnico,77,84,84
754,81814,femenino,grupo C,Licenciatura,95,100,100
755,154133,femenino,grupo D,Licenciatura,67,69,71
756,205466,masculino,grupo E,Técnico,63,60,54
757,136826,masculino,grupo B,Licenciatura,75,68,69
758,71049,femenino,grupo C,Licenciatura,76,99,97
759,179817,masculino,grupo D,Algunos estudios universitarios,56,61,54
760,170745,masculino,grupo C,Algunos estudios de diversificado,77,88,78
761,106163,masculino,grupo C,Algunos estudios de diversificado,56,57,50
762,146313,masculino,grupo E,Algunos estudios universitarios,72,62,62
763,126314,femenino,grupo E,Técnico,40,47,47
764,94513,femenino,grupo E,Algunos estudios universitarios,75,67,71
765,184188,masculino,grupo D,Algunos estudios universitarios,76,74,70
766,155323,masculino,grupo C,Licenciatura,74,68,64
767,166479,masculino,grupo D,Licenciatura,94,79,80
768,92563,masculino,grupo A,Algunos estudios de diversificado,28,33,28
769,79746,femenino,grupo B,Algunos estudios universitarios,63,75,68
770,185083,masculino,grupo C,Algunos estudios universitarios,40,35,29
771,82448,masculino,grupo C,Diversificado,73,77,69
772,171103,femenino,grupo C,Algunos estudios universitarios,37,53,51
773,211591,femenino,grupo B,Licenciatura,64,79,73
774,138182,masculino,grupo C,Técnico,79,70,71
775,122001,femenino,grupo B,Técnico,67,72,69
776,101709,masculino,grupo D,Técnico,88,90,89
777,157789,femenino,grupo B,Algunos estudios de diversificado,51,56,60
778,94854,femenino,grupo C,Técnico,48,65,57
779,103480,masculino,grupo C,Técnico,65,69,74
780,158888,masculino,grupo C,Licenciatura,86,73,82
781,89435,masculino,grupo A,Algunos estudios universitarios,78,80,78
782,163101,femenino,grupo B,Diversificado,84,92,95
783,203113,masculino,grupo A,Algunos estudios universitarios,55,62,58
784,103651,masculino,grupo C,Algunos estudios de diversificado,62,63,58
785,183410,masculino,grupo C,Técnico,67,73,64
786,175890,femenino,grupo B,Algunos estudios de diversificado,59,60,66
787,197558,femenino,grupo E,Algunos estudios de diversificado,55,70,69
788,172346,masculino,grupo D,Licenciatura,81,75,75
789,67376,femenino,grupo D,Algunos estudios universitarios,59,71,67
790,164049,masculino,grupo C,Diversificado,65,69,56
791,165946,masculino,grupo C,Diversificado,68,58,59
792,67762,masculino,grupo D,Algunos estudios de diversificado,72,66,69
793,211306,masculino,grupo A,Maestría,83,74,76
794,83621,femenino,grupo C,Licenciatura,56,74,72
795,177770,masculino,grupo C,Diversificado,69,67,68
796,163509,masculino,grupo C,Técnico,51,44,43
797,133405,masculino,grupo D,Maestría,93,74,81
798,138721,masculino,grupo D,Algunos estudios universitarios,48,37,39
799,211561,femenino,grupo C,Técnico,66,82,78
800,86057,masculino,grupo D,Algunos estudios de diversificado,72,75,72
801,189581,femenino,grupo D,Diversificado,44,63,59
802,91486,femenino,grupo D,Licenciatura,77,71,80
803,141533,masculino,grupo D,Algunos estudios de diversificado,39,40,37
804,154770,masculino,grupo E,Técnico,65,64,58
805,152747,femenino,grupo C,Diversificado,80,98,92
806,75415,masculino,grupo B,Algunos estudios de diversificado,63,63,62
807,151824,masculino,grupo C,Algunos estudios universitarios,58,45,44
808,77177,masculino,grupo C,Licenciatura,89,84,84
809,140632,femenino,grupo D,Algunos estudios de diversificado,54,56,58
810,218588,femenino,grupo D,Algunos estudios universitarios,80,82,85
811,88649,femenino,grupo B,Algunos estudios de diversificado,70,84,73
812,161405,femenino,grupo E,Algunos estudios universitarios,71,78,75
813,163141,masculino,grupo A,Algunos estudios universitarios,69,69,65
814,78236,masculino,grupo A,Licenciatura,71,64,60
815,215378,femenino,grupo D,Algunos estudios de diversificado,63,76,76
816,113863,femenino,grupo C,Licenciatura,88,100,100
817,160763,femenino,grupo C,Técnico,75,88,89
818,100470,femenino,grupo B,Técnico,48,68,62
819,197038,masculino,grupo B,Técnico,47,46,50
820,186141,femenino,grupo C,Técnico,71,76,76
821,98331,femenino,grupo C,Maestría,92,94,96
822,76111,masculino,grupo C,Algunos estudios universitarios,66,76,68
823,125183,femenino,grupo B,Diversificado,59,64,63
824,201449,masculino,grupo E,Diversificado,67,57,50
825,200165,femenino,grupo C,Algunos estudios universitarios,54,66,61
826,128064,femenino,grupo A,Técnico,59,62,68
827,183238,masculino,grupo D,Maestría,78,67,68
828,183936,masculino,grupo E,Diversificado,76,76,73
829,135201,femenino,grupo A,Algunos estudios universitarios,59,71,76
830,155440,femenino,grupo E,Técnico,85,86,83
831,192910,femenino,grupo E,Técnico,54,65,66
832,101681,masculino,grupo C,Diversificado,65,58,55
833,136113,femenino,grupo A,Algunos estudios universitarios,55,72,71
834,165663,femenino,grupo D,Algunos estudios universitarios,76,86,90
835,126075,masculino,grupo B,Algunos estudios universitarios,72,76,75
836,204965,femenino,grupo C,Algunos estudios universitarios,35,53,41
837,120709,masculino,grupo D,Maestría,91,84,90
838,103440,masculino,grupo C,Algunos estudios universitarios,80,82,81
839,155953,masculino,grupo D,Licenciatura,56,62,65
840,198547,femenino,grupo D,Diversificado,72,76,75
841,108666,masculino,grupo C,Técnico,76,75,70
842,194160,masculino,grupo C,Diversificado,59,64,57
843,212212,femenino,grupo D,Técnico,76,82,76
844,80049,femenino,grupo D,Algunos estudios universitarios,100,96,100
845,144773,femenino,grupo D,Diversificado,61,75,72
846,124183,masculino,grupo B,Diversificado,60,62,61
847,206646,femenino,grupo E,Maestría,100,100,100
848,125300,masculino,grupo E,Algunos estudios universitarios,46,47,43
849,114787,masculino,grupo D,Algunos estudios de diversificado,65,55,53
850,113397,femenino,grupo C,Algunos estudios de diversificado,58,74,70
851,153734,masculino,grupo B,Técnico,42,40,34
852,70152,femenino,grupo D,Algunos estudios universitarios,56,63,70
853,181546,masculino,grupo B,Algunos estudios de diversificado,67,65,59
854,103102,masculino,grupo C,Maestría,81,72,71
855,113895,femenino,grupo B,Técnico,73,81,80
856,138527,femenino,grupo E,Diversificado,46,49,56
857,196094,masculino,grupo C,Algunos estudios universitarios,52,52,53
858,214012,masculino,grupo D,Licenciatura,84,72,78
859,143501,masculino,grupo C,Técnico,69,73,67
860,124628,femenino,grupo D,Algunos estudios universitarios,42,65,66
861,213273,masculino,grupo D,Diversificado,74,83,78
862,211178,masculino,grupo D,Técnico,62,66,60
863,132476,femenino,grupo B,Diversificado,58,67,63
864,89439,femenino,grupo D,Técnico,65,83,79
865,182879,masculino,grupo D,Licenciatura,96,84,82
866,154591,masculino,grupo C,Algunos estudios universitarios,53,55,50
867,161424,masculino,grupo C,Técnico,82,63,57
868,199659,femenino,grupo E,Técnico,75,77,82
869,85926,masculino,grupo B,Técnico,63,63,51
870,113427,femenino,grupo D,Diversificado,46,62,64
871,188190,masculino,grupo C,Algunos estudios universitarios,42,40,31
872,147520,femenino,grupo B,Técnico,50,50,49
873,165753,masculino,grupo B,Algunos estudios universitarios,85,80,75
874,153822,femenino,grupo C,Técnico,66,78,75
875,70814,masculino,grupo C,Algunos estudios de diversificado,49,55,45
876,155002,masculino,grupo C,Algunos estudios universitarios,73,68,68
877,148437,masculino,grupo D,Algunos estudios de diversificado,72,76,74
878,185737,femenino,grupo D,Diversificado,63,62,72
879,199906,masculino,grupo C,Algunos estudios de diversificado,66,69,63
880,203264,femenino,grupo E,Técnico,95,100,100
881,151712,masculino,grupo C,Maestría,69,59,57
882,139816,femenino,grupo B,Diversificado,75,75,73
883,148530,femenino,grupo B,Técnico,64,72,72
884,165556,masculino,grupo D,Maestría,75,74,78
885,182720,masculino,grupo B,Algunos estudios universitarios,78,71,71
886,112411,masculino,grupo B,Algunos estudios universitarios,62,71,57
887,117227,femenino,grupo E,Diversificado,73,83,80
888,150442,femenino,grupo D,Técnico,65,78,84
889,191410,femenino,grupo C,Algunos estudios de diversificado,64,71,65
890,164596,femenino,grupo D,Diversificado,55,66,73
891,129166,masculino,grupo E,Algunos estudios universitarios,74,61,65
892,146392,femenino,grupo B,Algunos estudios universitarios,66,74,76
893,178771,femenino,grupo B,Maestría,99,97,99
894,120258,masculino,grupo D,Técnico,90,91,88
895,122919,femenino,grupo E,Técnico,65,72,68
896,70433,femenino,grupo C,Maestría,58,70,71
897,165842,masculino,grupo B,Maestría,82,74,69
898,178065,femenino,grupo C,Técnico,65,68,65
899,211851,femenino,grupo B,Técnico,64,68,69
900,165337,femenino,grupo C,Algunos estudios universitarios,79,73,80
901,111225,masculino,grupo E,Licenciatura,98,94,83
902,188306,femenino,grupo D,Técnico,86,99,100
903,132174,femenino,grupo C,Licenciatura,55,60,63
904,201763,masculino,grupo B,Algunos estudios universitarios,69,76,76
905,204177,masculino,grupo D,Licenciatura,52,55,57
906,158888,femenino,grupo B,Diversificado,57,62,59
907,145004,femenino,grupo C,Algunos estudios universitarios,67,73,81
908,98746,femenino,grupo B,Técnico,61,64,62
909,76365,femenino,grupo D,Algunos estudios universitarios,55,69,65
910,211774,masculino,grupo E,Algunos estudios universitarios,74,62,55
911,211496,masculino,grupo D,Técnico,43,38,36
912,152980,femenino,grupo C,Licenciatura,50,72,73
913,191442,femenino,grupo A,Técnico,89,90,86
914,71818,masculino,grupo C,Técnico,62,67,61
915,198657,masculino,grupo D,Algunos estudios universitarios,98,79,81
916,143774,masculino,grupo D,Algunos estudios universitarios,49,54,52
917,187577,femenino,grupo C,Diversificado,71,70,80
918,154395,femenino,grupo D,Licenciatura,43,46,62
919,72588,femenino,grupo D,Técnico,58,71,74
920,156525,masculino,grupo B,Algunos estudios universitarios,63,52,54
921,66944,femenino,grupo C,Técnico,68,71,70
922,140076,femenino,grupo B,Técnico,63,71,67
923,94834,masculino,grupo A,Algunos estudios de diversificado,56,50,52
924,136194,femenino,grupo A,Diversificado,49,59,58
925,181065,femenino,grupo D,Técnico,97,95,94
926,84499,femenino,grupo B,Algunos estudios de diversificado,53,59,57
927,189581,masculino,grupo C,Algunos estudios de diversificado,86,81,78
928,196962,femenino,grupo B,Licenciatura,75,79,84
929,165448,masculino,grupo A,Algunos estudios universitarios,91,77,88
930,116033,masculino,grupo D,Diversificado,91,79,82
931,107581,masculino,grupo E,Algunos estudios de diversificado,77,63,64
932,122716,masculino,grupo C,Diversificado,62,60,58
933,100074,masculino,grupo C,Diversificado,58,69,65
934,193194,masculino,grupo A,Algunos estudios de diversificado,72,70,66
935,139900,masculino,grupo B,Algunos estudios universitarios,59,60,51
936,108284,masculino,grupo B,Algunos estudios universitarios,77,69,64
937,170628,masculino,grupo B,Diversificado,47,45,39
938,90584,masculino,grupo E,Algunos estudios de diversificado,85,83,75
939,79807,femenino,grupo A,Algunos estudios de diversificado,68,78,75
940,145629,masculino,grupo D,Técnico,70,72,72
941,128993,femenino,grupo E,Licenciatura,69,79,81
942,206427,femenino,grupo D,Algunos estudios de diversificado,66,61,69
943,162822,masculino,grupo C,Algunos estudios de diversificado,59,55,51
944,99918,masculino,grupo D,Maestría,70,60,69
945,185972,masculino,grupo C,Algunos estudios de diversificado,70,70,68
946,132024,femenino,grupo B,Algunos estudios de diversificado,54,61,56
947,211089,masculino,grupo D,Algunos estudios universitarios,79,64,67
948,93820,femenino,grupo E,Diversificado,74,73,67
949,205790,femenino,grupo C,Algunos estudios de diversificado,53,71,68
950,142064,femenino,grupo C,Licenciatura,83,96,92
951,117766,femenino,grupo C,Algunos estudios universitarios,69,82,76
952,159978,masculino,grupo D,Técnico,92,82,81
953,116771,masculino,grupo D,Licenciatura,85,76,75
954,117632,masculino,grupo D,Licenciatura,64,70,65
955,134957,masculino,grupo D,Diversificado,46,48,41
956,85439,femenino,grupo C,Algunos estudios universitarios,37,49,39
957,218889,masculino,grupo C,Algunos estudios de diversificado,75,81,73
958,71105,femenino,grupo C,Algunos estudios universitarios,56,44,54
959,189613,femenino,grupo D,Licenciatura,92,100,100
960,169177,femenino,grupo D,Algunos estudios de diversificado,41,57,51
961,160612,masculino,grupo D,Algunos estudios universitarios,58,47,48
962,127810,femenino,grupo D,Algunos estudios universitarios,81,93,85
963,77048,masculino,grupo C,Técnico,60,65,65
964,154230,femenino,grupo B,Diversificado,74,79,79
965,157809,masculino,grupo D,Algunos estudios de diversificado,46,48,41
966,211673,femenino,grupo A,Técnico,83,100,98
967,114120,femenino,grupo B,Diversificado,62,72,72
968,181298,masculino,grupo C,Algunos estudios universitarios,53,50,53
969,101730,masculino,grupo C,Algunos estudios universitarios,59,49,50
970,117285,masculino,grupo B,Diversificado,63,67,62
971,202469,femenino,grupo E,Licenciatura,64,69,79
972,181994,femenino,grupo D,Técnico,83,89,98
973,103092,masculino,grupo A,Algunos estudios de diversificado,52,55,47
974,93740,femenino,grupo B,Algunos estudios universitarios,33,44,41
975,218328,femenino,grupo B,Diversificado,50,55,55
976,66718,masculino,grupo D,Diversificado,64,71,66
977,157529,femenino,grupo C,Maestría,69,81,82
978,201969,femenino,grupo A,Algunos estudios universitarios,57,73,76
979,194332,masculino,grupo C,Algunos estudios universitarios,98,97,94
980,103625,masculino,grupo E,Diversificado,84,75,63
981,84614,femenino,grupo C,Algunos estudios universitarios,47,64,62
982,96487,masculino,grupo C,Algunos estudios universitarios,69,62,68
983,209124,femenino,grupo D,Técnico,64,77,75
984,114296,femenino,grupo B,Algunos estudios universitarios,58,69,67
985,164576,masculino,grupo E,Algunos estudios universitarios,90,87,81
986,192432,masculino,grupo B,Algunos estudios universitarios,41,46,42
987,172710,femenino,grupo E,Diversificado,65,67,63
988,91672,masculino,grupo B,Licenciatura,50,35,31
989,157667,masculino,grupo C,Algunos estudios universitarios,57,46,40
990,67485,masculino,grupo A,Algunos estudios de diversificado,75,74,61
991,90998,masculino,grupo A,Técnico,79,75,71
992,78421,masculino,grupo B,Algunos estudios universitarios,86,98,90
993,155392,femenino,grupo B,Algunos estudios de diversificado,50,64,59
994,113067,masculino,grupo B,Algunos estudios de diversificado,46,45,41
995,211525,masculino,grupo D,Diversificado,56,59,60
996,193865,femenino,grupo D,Técnico,64,82,85
997,116615,femenino,grupo E,Algunos estudios de diversificado,82,88,88
998,171036,femenino,grupo B,Diversificado,64,78,76
999,130711,femenino,grupo C,Algunos estudios de diversificado,52,60,60
